{"cameraMode":{"drawMode":0,"name":"Shaded","section":"Shading Mode"},"sceneLighting":true,"audioPlay":false,"sceneViewState":{"m_AlwaysRefresh":false,"showFog":true,"showSkybox":true,"showFlares":true,"showImageEffects":true,"showParticleSystems":true,"showVisualEffectGraphs":true,"m_FxEnabled":true},"in2DMode":false,"pivot":{"x":-0.7066673636436462,"y":-7.106051921844482,"z":39.78309631347656},"rotation":{"x":0.17602580785751344,"y":-0.034031663089990619,"z":-0.004240444861352444,"w":0.984994113445282},"size":18.561328887939454,"orthographic":false}