{"cameraMode":{"drawMode":0,"name":"Shaded","section":"Shading Mode"},"sceneLighting":true,"audioPlay":false,"sceneViewState":{"m_AlwaysRefresh":false,"showFog":true,"showSkybox":true,"showFlares":true,"showImageEffects":true,"showParticleSystems":true,"showVisualEffectGraphs":true,"m_FxEnabled":true},"in2DMode":false,"pivot":{"x":-11.282425880432129,"y":4.842410087585449,"z":2.1734395027160646},"rotation":{"x":-0.2202344387769699,"y":0.020485447719693185,"z":-0.004618534352630377,"w":-0.9752447009086609},"size":4.432087421417236,"orthographic":false}