{"cameraMode":{"drawMode":0,"name":"Shaded","section":"Shading Mode"},"sceneLighting":true,"audioPlay":false,"sceneViewState":{"m_AlwaysRefresh":false,"showFog":true,"showSkybox":true,"showFlares":true,"showImageEffects":true,"showParticleSystems":true,"showVisualEffectGraphs":true,"m_FxEnabled":true},"in2DMode":false,"pivot":{"x":-9.023713111877442,"y":-0.21009159088134767,"z":15.03384017944336},"rotation":{"x":-0.18457621335983277,"y":0.09697676450014115,"z":-0.015553098171949387,"w":-0.9788916110992432},"size":18.561328887939454,"orthographic":false}