{"cameraMode":{"drawMode":0,"name":"Shaded","section":"Shading Mode"},"sceneLighting":true,"audioPlay":false,"sceneViewState":{"m_AlwaysRefresh":false,"showFog":true,"showSkybox":true,"showFlares":true,"showImageEffects":true,"showParticleSystems":true,"showVisualEffectGraphs":true,"m_FxEnabled":true},"in2DMode":false,"pivot":{"x":11.951543807983399,"y":-13.635246276855469,"z":14.392513275146485},"rotation":{"x":0.3131820857524872,"y":0.076265349984169,"z":-0.025209877640008928,"w":0.9463241100311279},"size":16.631975173950197,"orthographic":false}